[{"model": "admin.logentry", "pk": 1, "fields": {"action_time": "2022-02-07T19:31:57.700Z", "user": 1, "content_type": 13, "object_id": "1", "object_repr": "job 1", "action_flag": 1, "change_message": "[{\"added\": {}}]"}}, {"model": "admin.logentry", "pk": 2, "fields": {"action_time": "2022-02-07T23:04:23.014Z", "user": 1, "content_type": 7, "object_id": "1", "object_repr": "Adobe Photoshop", "action_flag": 1, "change_message": "[{\"added\": {}}]"}}, {"model": "admin.logentry", "pk": 3, "fields": {"action_time": "2022-02-07T23:04:28.999Z", "user": 1, "content_type": 7, "object_id": "2", "object_repr": "Adobe Illustrator", "action_flag": 1, "change_message": "[{\"added\": {}}]"}}, {"model": "admin.logentry", "pk": 4, "fields": {"action_time": "2022-02-07T23:04:35.297Z", "user": 1, "content_type": 7, "object_id": "3", "object_repr": "Adobe Lightroom", "action_flag": 1, "change_message": "[{\"added\": {}}]"}}, {"model": "admin.logentry", "pk": 5, "fields": {"action_time": "2022-02-07T23:04:45.444Z", "user": 1, "content_type": 9, "object_id": "1", "object_repr": "HTML", "action_flag": 1, "change_message": "[{\"added\": {}}]"}}, {"model": "admin.logentry", "pk": 6, "fields": {"action_time": "2022-02-07T23:04:49.672Z", "user": 1, "content_type": 9, "object_id": "2", "object_repr": "CSS", "action_flag": 1, "change_message": "[{\"added\": {}}]"}}, {"model": "admin.logentry", "pk": 7, "fields": {"action_time": "2022-02-07T23:04:53.792Z", "user": 1, "content_type": 9, "object_id": "3", "object_repr": "Python", "action_flag": 1, "change_message": "[{\"added\": {}}]"}}, {"model": "admin.logentry", "pk": 8, "fields": {"action_time": "2022-02-07T23:04:56.875Z", "user": 1, "content_type": 9, "object_id": "4", "object_repr": "Django", "action_flag": 1, "change_message": "[{\"added\": {}}]"}}, {"model": "admin.logentry", "pk": 9, "fields": {"action_time": "2022-02-07T23:05:02.117Z", "user": 1, "content_type": 9, "object_id": "5", "object_repr": "JavaScript", "action_flag": 1, "change_message": "[{\"added\": {}}]"}}, {"model": "admin.logentry", "pk": 10, "fields": {"action_time": "2022-02-07T23:05:21.398Z", "user": 1, "content_type": 9, "object_id": "5", "object_repr": "JavaScript", "action_flag": 3, "change_message": ""}}, {"model": "admin.logentry", "pk": 11, "fields": {"action_time": "2022-02-07T23:05:21.400Z", "user": 1, "content_type": 9, "object_id": "4", "object_repr": "Django", "action_flag": 3, "change_message": ""}}, {"model": "admin.logentry", "pk": 12, "fields": {"action_time": "2022-02-07T23:05:21.401Z", "user": 1, "content_type": 9, "object_id": "3", "object_repr": "Python", "action_flag": 3, "change_message": ""}}, {"model": "admin.logentry", "pk": 13, "fields": {"action_time": "2022-02-07T23:05:21.403Z", "user": 1, "content_type": 9, "object_id": "2", "object_repr": "CSS", "action_flag": 3, "change_message": ""}}, {"model": "admin.logentry", "pk": 14, "fields": {"action_time": "2022-02-07T23:05:21.404Z", "user": 1, "content_type": 9, "object_id": "1", "object_repr": "HTML", "action_flag": 3, "change_message": ""}}, {"model": "admin.logentry", "pk": 15, "fields": {"action_time": "2022-02-07T23:05:26.036Z", "user": 1, "content_type": 9, "object_id": "6", "object_repr": "Adobe Photoshop", "action_flag": 1, "change_message": "[{\"added\": {}}]"}}, {"model": "admin.logentry", "pk": 16, "fields": {"action_time": "2022-02-07T23:05:31.819Z", "user": 1, "content_type": 9, "object_id": "7", "object_repr": "Adobe Lightroom", "action_flag": 1, "change_message": "[{\"added\": {}}]"}}, {"model": "admin.logentry", "pk": 17, "fields": {"action_time": "2022-02-07T23:05:38.456Z", "user": 1, "content_type": 9, "object_id": "8", "object_repr": "Adobe Illustrator", "action_flag": 1, "change_message": "[{\"added\": {}}]"}}, {"model": "admin.logentry", "pk": 18, "fields": {"action_time": "2022-02-07T23:05:50.947Z", "user": 1, "content_type": 7, "object_id": "3", "object_repr": "Adobe Lightroom", "action_flag": 3, "change_message": ""}}, {"model": "admin.logentry", "pk": 19, "fields": {"action_time": "2022-02-07T23:05:50.949Z", "user": 1, "content_type": 7, "object_id": "2", "object_repr": "Adobe Illustrator", "action_flag": 3, "change_message": ""}}, {"model": "admin.logentry", "pk": 20, "fields": {"action_time": "2022-02-07T23:05:50.951Z", "user": 1, "content_type": 7, "object_id": "1", "object_repr": "Adobe Photoshop", "action_flag": 3, "change_message": ""}}, {"model": "admin.logentry", "pk": 21, "fields": {"action_time": "2022-02-07T23:05:55.579Z", "user": 1, "content_type": 7, "object_id": "4", "object_repr": "HTML5", "action_flag": 1, "change_message": "[{\"added\": {}}]"}}, {"model": "admin.logentry", "pk": 22, "fields": {"action_time": "2022-02-07T23:05:58.932Z", "user": 1, "content_type": 7, "object_id": "5", "object_repr": "CSS3", "action_flag": 1, "change_message": "[{\"added\": {}}]"}}, {"model": "admin.logentry", "pk": 23, "fields": {"action_time": "2022-02-07T23:06:01.699Z", "user": 1, "content_type": 7, "object_id": "6", "object_repr": "SASS", "action_flag": 1, "change_message": "[{\"added\": {}}]"}}, {"model": "admin.logentry", "pk": 24, "fields": {"action_time": "2022-02-07T23:06:04.983Z", "user": 1, "content_type": 7, "object_id": "7", "object_repr": "Python", "action_flag": 1, "change_message": "[{\"added\": {}}]"}}, {"model": "admin.logentry", "pk": 25, "fields": {"action_time": "2022-02-07T23:06:07.728Z", "user": 1, "content_type": 7, "object_id": "8", "object_repr": "Django", "action_flag": 1, "change_message": "[{\"added\": {}}]"}}, {"model": "admin.logentry", "pk": 26, "fields": {"action_time": "2022-02-07T23:06:11.891Z", "user": 1, "content_type": 7, "object_id": "9", "object_repr": "JavaScript", "action_flag": 1, "change_message": "[{\"added\": {}}]"}}, {"model": "admin.logentry", "pk": 27, "fields": {"action_time": "2022-02-07T23:11:06.253Z", "user": 1, "content_type": 14, "object_id": "2", "object_repr": "Dev Project 1", "action_flag": 3, "change_message": ""}}, {"model": "admin.logentry", "pk": 28, "fields": {"action_time": "2022-02-07T23:11:06.255Z", "user": 1, "content_type": 14, "object_id": "1", "object_repr": "Project 1", "action_flag": 3, "change_message": ""}}, {"model": "admin.logentry", "pk": 29, "fields": {"action_time": "2022-02-07T23:11:30.075Z", "user": 1, "content_type": 13, "object_id": "1", "object_repr": "job 1", "action_flag": 3, "change_message": ""}}, {"model": "admin.logentry", "pk": 30, "fields": {"action_time": "2022-02-07T23:25:09.436Z", "user": 1, "content_type": 13, "object_id": "3", "object_repr": "Job 1", "action_flag": 1, "change_message": "[{\"added\": {}}]"}}, {"model": "admin.logentry", "pk": 31, "fields": {"action_time": "2022-02-07T23:25:20.275Z", "user": 1, "content_type": 13, "object_id": "2", "object_repr": "JOB 1", "action_flag": 3, "change_message": ""}}, {"model": "admin.logentry", "pk": 32, "fields": {"action_time": "2022-02-09T18:31:26.041Z", "user": 1, "content_type": 15, "object_id": "2", "object_repr": "222", "action_flag": 1, "change_message": "[{\"added\": {}}]"}}, {"model": "admin.logentry", "pk": 33, "fields": {"action_time": "2022-02-24T16:22:05.002Z", "user": 1, "content_type": 11, "object_id": "11", "object_repr": "Home Page", "action_flag": 3, "change_message": ""}}, {"model": "admin.logentry", "pk": 34, "fields": {"action_time": "2022-09-14T17:37:06.573Z", "user": 2, "content_type": 11, "object_id": "12", "object_repr": "Forum Home Page", "action_flag": 2, "change_message": "[{\"changed\": {\"fields\": [\"Sub title\", \"Project date\", \"Brief\", \"Banner txt\"]}}]"}}, {"model": "admin.logentry", "pk": 35, "fields": {"action_time": "2022-09-14T18:07:39.947Z", "user": 2, "content_type": 11, "object_id": "12", "object_repr": "Forum Home Page", "action_flag": 2, "change_message": "[{\"changed\": {\"fields\": [\"Brief\", \"Banner txtI\", \"Banner txtII\", \"Banner txtIII\", \"ProcessI\", \"ProcessII\", \"ProcessIII\", \"ProcessIV\"]}}]"}}, {"model": "auth.permission", "pk": 1, "fields": {"name": "Can add log entry", "content_type": 1, "codename": "add_logentry"}}, {"model": "auth.permission", "pk": 2, "fields": {"name": "Can change log entry", "content_type": 1, "codename": "change_logentry"}}, {"model": "auth.permission", "pk": 3, "fields": {"name": "Can delete log entry", "content_type": 1, "codename": "delete_logentry"}}, {"model": "auth.permission", "pk": 4, "fields": {"name": "Can view log entry", "content_type": 1, "codename": "view_logentry"}}, {"model": "auth.permission", "pk": 5, "fields": {"name": "Can add permission", "content_type": 2, "codename": "add_permission"}}, {"model": "auth.permission", "pk": 6, "fields": {"name": "Can change permission", "content_type": 2, "codename": "change_permission"}}, {"model": "auth.permission", "pk": 7, "fields": {"name": "Can delete permission", "content_type": 2, "codename": "delete_permission"}}, {"model": "auth.permission", "pk": 8, "fields": {"name": "Can view permission", "content_type": 2, "codename": "view_permission"}}, {"model": "auth.permission", "pk": 9, "fields": {"name": "Can add group", "content_type": 3, "codename": "add_group"}}, {"model": "auth.permission", "pk": 10, "fields": {"name": "Can change group", "content_type": 3, "codename": "change_group"}}, {"model": "auth.permission", "pk": 11, "fields": {"name": "Can delete group", "content_type": 3, "codename": "delete_group"}}, {"model": "auth.permission", "pk": 12, "fields": {"name": "Can view group", "content_type": 3, "codename": "view_group"}}, {"model": "auth.permission", "pk": 13, "fields": {"name": "Can add user", "content_type": 4, "codename": "add_user"}}, {"model": "auth.permission", "pk": 14, "fields": {"name": "Can change user", "content_type": 4, "codename": "change_user"}}, {"model": "auth.permission", "pk": 15, "fields": {"name": "Can delete user", "content_type": 4, "codename": "delete_user"}}, {"model": "auth.permission", "pk": 16, "fields": {"name": "Can view user", "content_type": 4, "codename": "view_user"}}, {"model": "auth.permission", "pk": 17, "fields": {"name": "Can add content type", "content_type": 5, "codename": "add_contenttype"}}, {"model": "auth.permission", "pk": 18, "fields": {"name": "Can change content type", "content_type": 5, "codename": "change_contenttype"}}, {"model": "auth.permission", "pk": 19, "fields": {"name": "Can delete content type", "content_type": 5, "codename": "delete_contenttype"}}, {"model": "auth.permission", "pk": 20, "fields": {"name": "Can view content type", "content_type": 5, "codename": "view_contenttype"}}, {"model": "auth.permission", "pk": 21, "fields": {"name": "Can add session", "content_type": 6, "codename": "add_session"}}, {"model": "auth.permission", "pk": 22, "fields": {"name": "Can change session", "content_type": 6, "codename": "change_session"}}, {"model": "auth.permission", "pk": 23, "fields": {"name": "Can delete session", "content_type": 6, "codename": "delete_session"}}, {"model": "auth.permission", "pk": 24, "fields": {"name": "Can view session", "content_type": 6, "codename": "view_session"}}, {"model": "auth.permission", "pk": 25, "fields": {"name": "Can add program", "content_type": 7, "codename": "add_program"}}, {"model": "auth.permission", "pk": 26, "fields": {"name": "Can change program", "content_type": 7, "codename": "change_program"}}, {"model": "auth.permission", "pk": 27, "fields": {"name": "Can delete program", "content_type": 7, "codename": "delete_program"}}, {"model": "auth.permission", "pk": 28, "fields": {"name": "Can view program", "content_type": 7, "codename": "view_program"}}, {"model": "auth.permission", "pk": 29, "fields": {"name": "Can add project", "content_type": 8, "codename": "add_project"}}, {"model": "auth.permission", "pk": 30, "fields": {"name": "Can change project", "content_type": 8, "codename": "change_project"}}, {"model": "auth.permission", "pk": 31, "fields": {"name": "Can delete project", "content_type": 8, "codename": "delete_project"}}, {"model": "auth.permission", "pk": 32, "fields": {"name": "Can view project", "content_type": 8, "codename": "view_project"}}, {"model": "auth.permission", "pk": 33, "fields": {"name": "Can add software", "content_type": 9, "codename": "add_software"}}, {"model": "auth.permission", "pk": 34, "fields": {"name": "Can change software", "content_type": 9, "codename": "change_software"}}, {"model": "auth.permission", "pk": 35, "fields": {"name": "Can delete software", "content_type": 9, "codename": "delete_software"}}, {"model": "auth.permission", "pk": 36, "fields": {"name": "Can view software", "content_type": 9, "codename": "view_software"}}, {"model": "auth.permission", "pk": 37, "fields": {"name": "Can add development", "content_type": 10, "codename": "add_development"}}, {"model": "auth.permission", "pk": 38, "fields": {"name": "Can change development", "content_type": 10, "codename": "change_development"}}, {"model": "auth.permission", "pk": 39, "fields": {"name": "Can delete development", "content_type": 10, "codename": "delete_development"}}, {"model": "auth.permission", "pk": 40, "fields": {"name": "Can view development", "content_type": 10, "codename": "view_development"}}, {"model": "auth.permission", "pk": 41, "fields": {"name": "Can add design", "content_type": 11, "codename": "add_design"}}, {"model": "auth.permission", "pk": 42, "fields": {"name": "Can change design", "content_type": 11, "codename": "change_design"}}, {"model": "auth.permission", "pk": 43, "fields": {"name": "Can delete design", "content_type": 11, "codename": "delete_design"}}, {"model": "auth.permission", "pk": 44, "fields": {"name": "Can view design", "content_type": 11, "codename": "view_design"}}, {"model": "auth.permission", "pk": 45, "fields": {"name": "Can add about", "content_type": 12, "codename": "add_about"}}, {"model": "auth.permission", "pk": 46, "fields": {"name": "Can change about", "content_type": 12, "codename": "change_about"}}, {"model": "auth.permission", "pk": 47, "fields": {"name": "Can delete about", "content_type": 12, "codename": "delete_about"}}, {"model": "auth.permission", "pk": 48, "fields": {"name": "Can view about", "content_type": 12, "codename": "view_about"}}, {"model": "auth.permission", "pk": 49, "fields": {"name": "Can add employment", "content_type": 13, "codename": "add_employment"}}, {"model": "auth.permission", "pk": 50, "fields": {"name": "Can change employment", "content_type": 13, "codename": "change_employment"}}, {"model": "auth.permission", "pk": 51, "fields": {"name": "Can delete employment", "content_type": 13, "codename": "delete_employment"}}, {"model": "auth.permission", "pk": 52, "fields": {"name": "Can view employment", "content_type": 13, "codename": "view_employment"}}, {"model": "auth.permission", "pk": 53, "fields": {"name": "Can add programming projects", "content_type": 14, "codename": "add_programmingprojects"}}, {"model": "auth.permission", "pk": 54, "fields": {"name": "Can change programming projects", "content_type": 14, "codename": "change_programmingprojects"}}, {"model": "auth.permission", "pk": 55, "fields": {"name": "Can delete programming projects", "content_type": 14, "codename": "delete_programmingprojects"}}, {"model": "auth.permission", "pk": 56, "fields": {"name": "Can view programming projects", "content_type": 14, "codename": "view_programmingprojects"}}, {"model": "auth.permission", "pk": 57, "fields": {"name": "Can add supplimental education", "content_type": 15, "codename": "add_supplimentaleducation"}}, {"model": "auth.permission", "pk": 58, "fields": {"name": "Can change supplimental education", "content_type": 15, "codename": "change_supplimentaleducation"}}, {"model": "auth.permission", "pk": 59, "fields": {"name": "Can delete supplimental education", "content_type": 15, "codename": "delete_supplimentaleducation"}}, {"model": "auth.permission", "pk": 60, "fields": {"name": "Can view supplimental education", "content_type": 15, "codename": "view_supplimentaleducation"}}, {"model": "auth.permission", "pk": 61, "fields": {"name": "Can add technical skills", "content_type": 16, "codename": "add_technicalskills"}}, {"model": "auth.permission", "pk": 62, "fields": {"name": "Can change technical skills", "content_type": 16, "codename": "change_technicalskills"}}, {"model": "auth.permission", "pk": 63, "fields": {"name": "Can delete technical skills", "content_type": 16, "codename": "delete_technicalskills"}}, {"model": "auth.permission", "pk": 64, "fields": {"name": "Can view technical skills", "content_type": 16, "codename": "view_technicalskills"}}, {"model": "auth.user", "pk": 1, "fields": {"password": "pbkdf2_sha256$320000$oDENTIZOAwmTlS2g9v7B5x$T6nw3fLVv4P7v8Vrulqh5dQMATGEZEASlscxg9kMyr0=", "last_login": "2022-02-24T16:21:46.476Z", "is_superuser": true, "username": "jvc", "first_name": "", "last_name": "", "email": "vancleave.jacob@gmail.com", "is_staff": true, "is_active": true, "date_joined": "2022-02-07T19:31:38.295Z", "groups": [], "user_permissions": []}}, {"model": "auth.user", "pk": 2, "fields": {"password": "pbkdf2_sha256$320000$98ogvDKhLgPJgeF5bPC3bY$qzx8ZNWpEFguq4DIh2jTBHaJM10HBvrew7IHwz4170o=", "last_login": "2022-09-14T16:19:12.833Z", "is_superuser": true, "username": "jacobvc", "first_name": "", "last_name": "", "email": "vc@x.com", "is_staff": true, "is_active": true, "date_joined": "2022-09-13T19:04:16.034Z", "groups": [], "user_permissions": []}}, {"model": "auth.user", "pk": 3, "fields": {"password": "pbkdf2_sha256$320000$ieCR7CsSiZugVHCBu6PuJq$PnYAWysK7XaTcTNTYR6LxpnPV5tdtBBIX8twed3bZLE=", "last_login": "2022-09-16T14:43:18.384Z", "is_superuser": true, "username": "jacob", "first_name": "", "last_name": "", "email": "jacob@user.com", "is_staff": true, "is_active": true, "date_joined": "2022-09-16T14:43:02.560Z", "groups": [], "user_permissions": []}}, {"model": "contenttypes.contenttype", "pk": 1, "fields": {"app_label": "admin", "model": "logentry"}}, {"model": "contenttypes.contenttype", "pk": 2, "fields": {"app_label": "auth", "model": "permission"}}, {"model": "contenttypes.contenttype", "pk": 3, "fields": {"app_label": "auth", "model": "group"}}, {"model": "contenttypes.contenttype", "pk": 4, "fields": {"app_label": "auth", "model": "user"}}, {"model": "contenttypes.contenttype", "pk": 5, "fields": {"app_label": "contenttypes", "model": "contenttype"}}, {"model": "contenttypes.contenttype", "pk": 6, "fields": {"app_label": "sessions", "model": "session"}}, {"model": "contenttypes.contenttype", "pk": 7, "fields": {"app_label": "jvc_portfolio", "model": "program"}}, {"model": "contenttypes.contenttype", "pk": 8, "fields": {"app_label": "jvc_portfolio", "model": "project"}}, {"model": "contenttypes.contenttype", "pk": 9, "fields": {"app_label": "jvc_portfolio", "model": "software"}}, {"model": "contenttypes.contenttype", "pk": 10, "fields": {"app_label": "jvc_portfolio", "model": "development"}}, {"model": "contenttypes.contenttype", "pk": 11, "fields": {"app_label": "jvc_portfolio", "model": "design"}}, {"model": "contenttypes.contenttype", "pk": 12, "fields": {"app_label": "jvc_resume", "model": "about"}}, {"model": "contenttypes.contenttype", "pk": 13, "fields": {"app_label": "jvc_resume", "model": "employment"}}, {"model": "contenttypes.contenttype", "pk": 14, "fields": {"app_label": "jvc_resume", "model": "programmingprojects"}}, {"model": "contenttypes.contenttype", "pk": 15, "fields": {"app_label": "jvc_resume", "model": "supplimentaleducation"}}, {"model": "contenttypes.contenttype", "pk": 16, "fields": {"app_label": "jvc_resume", "model": "technicalskills"}}, {"model": "sessions.session", "pk": "775zq8giw52mfrwe93480yl2bxshr8pu", "fields": {"session_data": ".eJxVjEEOwiAQRe_C2hCmA8i4dO8ZmhlAqRpISrsy3l2bdKHb_977LzXyupRx7Xkep6ROCtThdxOOj1w3kO5cb03HVpd5Er0peqddX1rKz_Pu_h0U7uVbh-gFkGxAIxGFHVjjmCKSF_KZCMWAQQt09cEk691ACGbgTCEdA6j3B7cCNlc:1nH9jl:BOLizd0es8K23D7BAEEqNZ6mg5LUvVuNKwWvp-9MrRw", "expire_date": "2022-02-21T19:31:45.126Z"}}, {"model": "sessions.session", "pk": "ocmck9am3lqx4xrcbds9h484l1s2d28e", "fields": {"session_data": ".eJxVjEEOwiAQRe_C2hCmA8i4dO8ZmhlAqRpISrsy3l2bdKHb_977LzXyupRx7Xkep6ROCtThdxOOj1w3kO5cb03HVpd5Er0peqddX1rKz_Pu_h0U7uVbh-gFkGxAIxGFHVjjmCKSF_KZCMWAQQt09cEk691ACGbgTCEdA6j3B7cCNlc:1nIFrl:E3n-dWaHsrdDgS1CusOdqnTC9GKhDtnkwUcfTJJX7A0", "expire_date": "2022-02-24T20:16:33.260Z"}}, {"model": "sessions.session", "pk": "q01k8v93ybwxwti1v16t2c5ulsdydyab", "fields": {"session_data": ".eJxVjEEOwiAQRe_C2hCmA8i4dO8ZmhlAqRpISrsy3l2bdKHb_977LzXyupRx7Xkep6ROCtThdxOOj1w3kO5cb03HVpd5Er0peqddX1rKz_Pu_h0U7uVbh-gFkGxAIxGFHVjjmCKSF_KZCMWAQQt09cEk691ACGbgTCEdA6j3B7cCNlc:1nNGsE:oSZqZprBJqzc7FeEUbEYMNWj0BlM6PclpdOpppv5Yas", "expire_date": "2022-03-10T16:21:46.478Z"}}, {"model": "sessions.session", "pk": "wges6l3bvrwkbhm814ux89xwwmprizoo", "fields": {"session_data": ".eJxVjEEOwiAQRe_C2hAYaBlcuvcMZIBBqoYmpV0Z765NutDtf-_9lwi0rTVsnZcwZXEWIE6_W6T04LaDfKd2m2Wa27pMUe6KPGiX1znz83K4fweVev3WxTMB4KBzASyaXUzEjtWYFBdy3hAZpLGQtwMqby0q4wgtgEKNRov3B_wPN3k:1oYV6W:Wybv_GIPAzminTW9nknZeO_6fPz4jEmHEdxlL0OUp40", "expire_date": "2022-09-28T16:19:12.835Z"}}, {"model": "sessions.session", "pk": "x9qmw6s0kni46jy2knt75nno5ofrc2f2", "fields": {"session_data": ".eJxVjMsOwiAQRf-FtSFA5TEu3fcbyMwAUjU0Ke3K-O_apAvd3nPOfYmI21rj1vMSpyQuYhCn342QH7ntIN2x3WbJc1uXieSuyIN2Oc4pP6-H-3dQsddvjZ6MCZZAhaQhn5MKxTJ77Qdk7ag4gmC0NQRMqL2iUqgY8g4AQWnx_gDlqzgG:1oZCYo:q597c6gvyU67p9tZ1RspEfPsIx_qQFEFlrCd55RMxLg", "expire_date": "2022-09-30T14:43:18.386Z"}}, {"model": "jvc_portfolio.project", "pk": 1, "fields": {"title": "Des Proj 1", "created_on": "2022-02-07T22:58:46.156Z", "project_type": "DES", "image": "", "about": "Des Proj 1"}}, {"model": "jvc_portfolio.project", "pk": 2, "fields": {"title": "Dev Proj 1", "created_on": "2022-02-07T23:07:16.760Z", "project_type": "DEV", "image": "", "about": "Dev Proj 1"}}, {"model": "jvc_portfolio.project", "pk": 3, "fields": {"title": "DEV PROJECT 2", "created_on": "2022-02-08T00:21:10.833Z", "project_type": "DEV", "image": "", "about": "DEV PROJECT 2"}}, {"model": "jvc_portfolio.project", "pk": 4, "fields": {"title": "DEV PROJECT 2", "created_on": "2022-02-08T00:21:45.373Z", "project_type": "DEV", "image": "", "about": "DEV PROJECT 2"}}, {"model": "jvc_portfolio.project", "pk": 5, "fields": {"title": "DEVELOPMENTPROJECT3", "created_on": "2022-02-08T00:22:02.303Z", "project_type": "DEV", "image": "", "about": "DEV PROJ 3"}}, {"model": "jvc_portfolio.project", "pk": 6, "fields": {"title": "DES PROJ 2", "created_on": "2022-02-08T23:02:16.198Z", "project_type": "DES", "image": "", "about": "DES PROJ 2 FROM FORM ON PAGE."}}, {"model": "jvc_portfolio.project", "pk": 7, "fields": {"title": "DEV PROJECT 5", "created_on": "2022-02-08T23:06:15.384Z", "project_type": "DEV", "image": "", "about": "DEV PROJECT 5 FROM FORM ON PAGE!"}}, {"model": "jvc_portfolio.project", "pk": 8, "fields": {"title": "DEVELOPMENT PROJECT 6", "created_on": "2022-02-08T23:09:21.260Z", "project_type": "DEV", "image": "", "about": "TESTING FORM SUBMISSION WITH SUCCESS_URL DEFINED."}}, {"model": "jvc_portfolio.project", "pk": 9, "fields": {"title": "DEVELOPMENT PROJ 7", "created_on": "2022-02-08T23:11:41.633Z", "project_type": "DEV", "image": "", "about": "1234"}}, {"model": "jvc_portfolio.project", "pk": 10, "fields": {"title": "123", "created_on": "2022-02-08T23:20:27.017Z", "project_type": "DEV", "image": "", "about": "456"}}, {"model": "jvc_portfolio.project", "pk": 11, "fields": {"title": "456", "created_on": "2022-02-08T23:24:49.515Z", "project_type": "DEV", "image": "", "about": "456"}}, {"model": "jvc_portfolio.project", "pk": 12, "fields": {"title": "789", "created_on": "2022-02-08T23:25:30.942Z", "project_type": "DEV", "image": "", "about": "789"}}, {"model": "jvc_portfolio.project", "pk": 13, "fields": {"title": "ADD PROJECT 1", "created_on": "2022-02-09T17:10:35.888Z", "project_type": "DES", "image": "", "about": "ADD PROJECT TEXT..."}}, {"model": "jvc_portfolio.project", "pk": 14, "fields": {"title": "ADD PROJECT 1", "created_on": "2022-02-09T17:12:18.251Z", "project_type": "DES", "image": "", "about": "ADD PROJECT TEXT..."}}, {"model": "jvc_portfolio.project", "pk": 15, "fields": {"title": "ADD PROJECT 1", "created_on": "2022-02-09T17:17:40.308Z", "project_type": "DES", "image": "", "about": "ADD PROJECT TEXT..."}}, {"model": "jvc_portfolio.project", "pk": 16, "fields": {"title": "ADD PROJECT 1", "created_on": "2022-02-09T17:18:49.384Z", "project_type": "DES", "image": "", "about": "ADD PROJECT TEXT..."}}, {"model": "jvc_portfolio.project", "pk": 17, "fields": {"title": "11111111", "created_on": "2022-02-09T17:19:12.127Z", "project_type": "DES", "image": "", "about": "123"}}, {"model": "jvc_portfolio.project", "pk": 18, "fields": {"title": "999990000", "created_on": "2022-02-09T17:19:29.072Z", "project_type": "DEV", "image": "", "about": "11"}}, {"model": "jvc_portfolio.project", "pk": 19, "fields": {"title": "2222222", "created_on": "2022-02-09T18:00:10.048Z", "project_type": "DES", "image": "", "about": "222222"}}, {"model": "jvc_portfolio.project", "pk": 20, "fields": {"title": "FORM WITH JAVASCRIPT!!", "created_on": "2022-02-09T19:08:29.779Z", "project_type": "DEV", "image": "", "about": "1111"}}, {"model": "jvc_portfolio.project", "pk": 21, "fields": {"title": "DES FROM FORM WITH JS!!", "created_on": "2022-02-09T19:08:50.282Z", "project_type": "DES", "image": "", "about": "!!!!"}}, {"model": "jvc_portfolio.project", "pk": 22, "fields": {"title": "asdfsaf s", "created_on": "2022-02-10T01:29:17.419Z", "project_type": "DES", "image": "", "about": "asdfsadfa"}}, {"model": "jvc_portfolio.project", "pk": 23, "fields": {"title": "asdfasd fasf", "created_on": "2022-02-10T01:32:39.015Z", "project_type": "DES", "image": "", "about": "adfsadf"}}, {"model": "jvc_portfolio.project", "pk": 24, "fields": {"title": "faaaa", "created_on": "2022-02-10T01:40:03.855Z", "project_type": "DES", "image": "", "about": "faaaaa"}}, {"model": "jvc_portfolio.project", "pk": 25, "fields": {"title": "Update JavaScript ProjectType Selection", "created_on": "2022-02-10T16:30:03.650Z", "project_type": "DES", "image": "", "about": "I ended up being on the right track, but forgot what the 'value' of the choices were coded to be!"}}, {"model": "jvc_portfolio.project", "pk": 26, "fields": {"title": "HIdden Field", "created_on": "2022-02-10T16:43:57.400Z", "project_type": "DES", "image": "", "about": "asdf"}}, {"model": "jvc_portfolio.project", "pk": 27, "fields": {"title": "Used .siblings() to hide label", "created_on": "2022-02-10T16:51:01.723Z", "project_type": "DES", "image": "", "about": "Now entire Field + Label is hidden!"}}, {"model": "jvc_portfolio.project", "pk": 28, "fields": {"title": "DEV PROJEC FROM FORM WITH HIDDEN PROJECT_TYPE FIELD", "created_on": "2022-02-10T16:56:08.625Z", "project_type": "DEV", "image": "", "about": "HUZZAH!"}}, {"model": "jvc_portfolio.project", "pk": 29, "fields": {"title": "Online Forum Project", "created_on": "2022-02-10T20:19:11.468Z", "project_type": "DES", "image": "images/proj/Screen_Shot_2022-01-31_at_4.17.21_PM.png", "about": "A social site, similar to a forum. Users can create Posts, like each other's posts, comment on each other's posts and reply to each other's comments."}}, {"model": "jvc_portfolio.project", "pk": 30, "fields": {"title": "abc", "created_on": "2022-09-16T14:46:36.545Z", "project_type": "DES", "image": "", "about": "123"}}, {"model": "jvc_portfolio.project", "pk": 31, "fields": {"title": "123", "created_on": "2022-09-16T14:47:52.205Z", "project_type": "DEV", "image": "", "about": "avc"}}, {"model": "jvc_portfolio.project", "pk": 32, "fields": {"title": "abc", "created_on": "2022-09-16T14:48:10.478Z", "project_type": "DEV", "image": "", "about": "123"}}, {"model": "jvc_portfolio.project", "pk": 33, "fields": {"title": "Online Forum", "created_on": "2022-09-16T14:48:35.002Z", "project_type": "DEV", "image": "", "about": "An online forum for womxn by womxn"}}, {"model": "jvc_portfolio.software", "pk": 6, "fields": {"name": "Adobe Photoshop"}}, {"model": "jvc_portfolio.software", "pk": 7, "fields": {"name": "Adobe Lightroom"}}, {"model": "jvc_portfolio.software", "pk": 8, "fields": {"name": "Adobe Illustrator"}}, {"model": "jvc_portfolio.design", "pk": 1, "fields": {"title": "Des Obj 1", "sub_title": null, "project_date": null, "created_on": "2022-02-07T23:06:18.934Z", "banner_img": "", "brief": null, "banner_txtI": null, "banner_txtII": null, "banner_txtIII": null, "fullpage_imgI": "", "fullpage_imgII": "", "fullpage_imgIII": "", "processI": null, "processII": null, "processIII": null, "responsive_imgI": "", "responsive_imgII": "", "responsive_imgIII": "", "mockup_imgI": "", "mockup_imgII": "", "mockup_imgIII": "", "asset_imgI": "", "asset_imgII": "", "asset_imgIII": "", "processIV": null, "processV": null, "processVI": null, "conclusion": null, "project": 1, "software": [6, 7, 8]}}, {"model": "jvc_portfolio.design", "pk": 2, "fields": {"title": "Des Obj 2", "sub_title": null, "project_date": null, "created_on": "2022-02-07T23:06:50.235Z", "banner_img": "", "brief": null, "banner_txtI": null, "banner_txtII": null, "banner_txtIII": null, "fullpage_imgI": "", "fullpage_imgII": "", "fullpage_imgIII": "", "processI": null, "processII": null, "processIII": null, "responsive_imgI": "", "responsive_imgII": "", "responsive_imgIII": "", "mockup_imgI": "", "mockup_imgII": "", "mockup_imgIII": "", "asset_imgI": "", "asset_imgII": "", "asset_imgIII": "", "processIV": null, "processV": null, "processVI": null, "conclusion": null, "project": 1, "software": [6, 7, 8]}}, {"model": "jvc_portfolio.design", "pk": 3, "fields": {"title": "Des Obj 3", "sub_title": null, "project_date": null, "created_on": "2022-02-07T23:59:28.463Z", "banner_img": "", "brief": null, "banner_txtI": null, "banner_txtII": null, "banner_txtIII": null, "fullpage_imgI": "", "fullpage_imgII": "", "fullpage_imgIII": "", "processI": null, "processII": null, "processIII": null, "responsive_imgI": "", "responsive_imgII": "", "responsive_imgIII": "", "mockup_imgI": "", "mockup_imgII": "", "mockup_imgIII": "", "asset_imgI": "", "asset_imgII": "", "asset_imgIII": "", "processIV": null, "processV": null, "processVI": null, "conclusion": null, "project": 1, "software": [6]}}, {"model": "jvc_portfolio.design", "pk": 4, "fields": {"title": "Des Obj 3", "sub_title": null, "project_date": null, "created_on": "2022-02-07T23:59:46.993Z", "banner_img": "", "brief": null, "banner_txtI": null, "banner_txtII": null, "banner_txtIII": null, "fullpage_imgI": "", "fullpage_imgII": "", "fullpage_imgIII": "", "processI": null, "processII": null, "processIII": null, "responsive_imgI": "", "responsive_imgII": "", "responsive_imgIII": "", "mockup_imgI": "", "mockup_imgII": "", "mockup_imgIII": "", "asset_imgI": "", "asset_imgII": "", "asset_imgIII": "", "processIV": null, "processV": null, "processVI": null, "conclusion": null, "project": 1, "software": [6]}}, {"model": "jvc_portfolio.design", "pk": 5, "fields": {"title": "DES PROJ 4", "sub_title": null, "project_date": null, "created_on": "2022-02-08T00:02:24.203Z", "banner_img": "", "brief": null, "banner_txtI": null, "banner_txtII": null, "banner_txtIII": null, "fullpage_imgI": "", "fullpage_imgII": "", "fullpage_imgIII": "", "processI": null, "processII": null, "processIII": null, "responsive_imgI": "", "responsive_imgII": "", "responsive_imgIII": "", "mockup_imgI": "", "mockup_imgII": "", "mockup_imgIII": "", "asset_imgI": "", "asset_imgII": "", "asset_imgIII": "", "processIV": null, "processV": null, "processVI": null, "conclusion": null, "project": 1, "software": [7]}}, {"model": "jvc_portfolio.design", "pk": 6, "fields": {"title": "DES PROJ 4", "sub_title": null, "project_date": null, "created_on": "2022-02-08T00:03:29.762Z", "banner_img": "", "brief": null, "banner_txtI": null, "banner_txtII": null, "banner_txtIII": null, "fullpage_imgI": "", "fullpage_imgII": "", "fullpage_imgIII": "", "processI": null, "processII": null, "processIII": null, "responsive_imgI": "", "responsive_imgII": "", "responsive_imgIII": "", "mockup_imgI": "", "mockup_imgII": "", "mockup_imgIII": "", "asset_imgI": "", "asset_imgII": "", "asset_imgIII": "", "processIV": null, "processV": null, "processVI": null, "conclusion": null, "project": 1, "software": [7]}}, {"model": "jvc_portfolio.design", "pk": 7, "fields": {"title": "des obj 5", "sub_title": null, "project_date": null, "created_on": "2022-02-08T00:03:53.393Z", "banner_img": "", "brief": null, "banner_txtI": null, "banner_txtII": null, "banner_txtIII": null, "fullpage_imgI": "", "fullpage_imgII": "", "fullpage_imgIII": "", "processI": null, "processII": null, "processIII": null, "responsive_imgI": "", "responsive_imgII": "", "responsive_imgIII": "", "mockup_imgI": "", "mockup_imgII": "", "mockup_imgIII": "", "asset_imgI": "", "asset_imgII": "", "asset_imgIII": "", "processIV": null, "processV": null, "processVI": null, "conclusion": null, "project": 1, "software": [6]}}, {"model": "jvc_portfolio.design", "pk": 8, "fields": {"title": "DESGNPROJECTCOMPLETE", "sub_title": null, "project_date": null, "created_on": "2022-02-08T00:19:54.757Z", "banner_img": "", "brief": null, "banner_txtI": null, "banner_txtII": null, "banner_txtIII": null, "fullpage_imgI": "", "fullpage_imgII": "", "fullpage_imgIII": "", "processI": null, "processII": null, "processIII": null, "responsive_imgI": "", "responsive_imgII": "", "responsive_imgIII": "", "mockup_imgI": "", "mockup_imgII": "", "mockup_imgIII": "", "asset_imgI": "", "asset_imgII": "", "asset_imgIII": "", "processIV": null, "processV": null, "processVI": null, "conclusion": null, "project": 1, "software": [8]}}, {"model": "jvc_portfolio.design", "pk": 9, "fields": {"title": "sdafasfsd", "sub_title": null, "project_date": null, "created_on": "2022-02-09T17:34:19.626Z", "banner_img": "", "brief": null, "banner_txtI": null, "banner_txtII": null, "banner_txtIII": null, "fullpage_imgI": "", "fullpage_imgII": "", "fullpage_imgIII": "", "processI": null, "processII": null, "processIII": null, "responsive_imgI": "", "responsive_imgII": "", "responsive_imgIII": "", "mockup_imgI": "", "mockup_imgII": "", "mockup_imgIII": "", "asset_imgI": "", "asset_imgII": "", "asset_imgIII": "", "processIV": null, "processV": null, "processVI": null, "conclusion": null, "project": 17, "software": [6, 7, 8]}}, {"model": "jvc_portfolio.design", "pk": 10, "fields": {"title": "999999", "sub_title": null, "project_date": null, "created_on": "2022-02-09T17:41:34.801Z", "banner_img": "", "brief": null, "banner_txtI": null, "banner_txtII": null, "banner_txtIII": null, "fullpage_imgI": "", "fullpage_imgII": "", "fullpage_imgIII": "", "processI": null, "processII": null, "processIII": null, "responsive_imgI": "", "responsive_imgII": "", "responsive_imgIII": "", "mockup_imgI": "", "mockup_imgII": "", "mockup_imgIII": "", "asset_imgI": "", "asset_imgII": "", "asset_imgIII": "", "processIV": null, "processV": null, "processVI": null, "conclusion": null, "project": 17, "software": [6]}}, {"model": "jvc_portfolio.design", "pk": 12, "fields": {"title": "Forum Home Page", "sub_title": "A Safe Place to Talk", "project_date": "2021-11-01", "created_on": "2022-02-24T16:22:37.908Z", "banner_img": "images/des/ForumHomeFull.png", "brief": "The brief for this project was to create a forum like website specifically for womxn with an aim to provide a safe space for all those who identify as female to discuss sex, love and life.", "banner_txtI": "When I started working on this site, there had already been a base design and aesthetic chosen. The team wanted bright, bold and evocative colors in order to suggest a sense of power, sensuality and vibrance.", "banner_txtII": "The idea of the site is pretty straight forward - an online forum for users to communicate about a multitude of topics via posts, likes, comments and replies. I developed the site with Django and utilized vanilla JavaScript and the Bootstrap library to ensure responsiveness.", "banner_txtIII": "The home page for the forum displays all topics sorted by date of creation by default, with the option to change sorting order. I included a sample banner on the main forum page to showcase how any ads, information or even static styles can be added, placed, and moved around to suit a multitude of uses. The team also wanted users to be able to create and filter posts for a variety of topics, so I implemented a sidebar to display available topics, as well as a form for admin to create new topics as needed.", "fullpage_imgI": "", "fullpage_imgII": "", "fullpage_imgIII": "", "processI": "The posts are displayed in list form with titles, username(if any), date created and a short snippet of the post's content. The list display then provides a link to 'Read More' that directs user to the specified post's detail page. On the detail page, users can like the post, comment on the post and reply to previous comments. In addition to being able to read any post, authenticated users have the ability to update, edit, and delete posts that they created. These features can be accessed via links on the post list or post detail pages.", "processII": "In order to maintain a clean and seamless user experience, I opted to include the post creation form, along with the comment and reply forms directly on the web page. When the page is initially loaded, the forms are hidden using JavaScript and only displayed when a user clicks the corresponding button.", "processIII": "One of the top priorities for this project was to allow users to users to post anonymously. The idea behind the site is to create a welcoming and comfortable environment where womxn can discuss openly a range of, often times sensitive, topics Anonymous posting is aimed at helping womxn open up to themselves and others while allowing for an option of discretion and privacy.", "responsive_imgI": "", "responsive_imgII": "", "responsive_imgIII": "", "mockup_imgI": "", "mockup_imgII": "", "mockup_imgIII": "", "asset_imgI": "", "asset_imgII": "", "asset_imgIII": "", "processIV": "When a user selects to make a post anonymous all of the user's information is hidden from view on the site. In order to maintain the interactive aspect of a forum, a primary key associated with each user is used to track all posts, including those made anonymously. This means that users can edit, delete and track activity on their all of their own posts.", "processV": "", "processVI": "", "conclusion": "", "project": 29, "software": [6, 7, 8]}}, {"model": "jvc_portfolio.program", "pk": 4, "fields": {"name": "HTML5"}}, {"model": "jvc_portfolio.program", "pk": 5, "fields": {"name": "CSS3"}}, {"model": "jvc_portfolio.program", "pk": 6, "fields": {"name": "SASS"}}, {"model": "jvc_portfolio.program", "pk": 7, "fields": {"name": "Python"}}, {"model": "jvc_portfolio.program", "pk": 8, "fields": {"name": "Django"}}, {"model": "jvc_portfolio.program", "pk": 9, "fields": {"name": "JavaScript"}}, {"model": "jvc_portfolio.development", "pk": 1, "fields": {"title": "Dev Obj 1", "created_on": "2022-02-07T23:09:09.148Z", "image": "", "description": "Dev Obj 1", "project": 2, "programs": [4, 5, 6, 7, 8, 9]}}, {"model": "jvc_portfolio.development", "pk": 2, "fields": {"title": "Dev Obj 2", "created_on": "2022-02-07T23:09:33.285Z", "image": "", "description": "Dev Obj 2", "project": 2, "programs": [4]}}, {"model": "jvc_portfolio.development", "pk": 3, "fields": {"title": "DEVELOPMENTOBJ", "created_on": "2022-02-08T00:25:26.757Z", "image": "", "description": "1234", "project": 5, "programs": [4]}}, {"model": "jvc_portfolio.development", "pk": 4, "fields": {"title": "dadadada", "created_on": "2022-02-09T17:45:36.581Z", "image": "", "description": "lalalalala", "project": 18, "programs": [4]}}, {"model": "jvc_portfolio.development", "pk": 5, "fields": {"title": "papapapa", "created_on": "2022-02-09T17:45:49.638Z", "image": "", "description": "dfdsf sd as", "project": 18, "programs": [4, 5, 6, 7]}}, {"model": "jvc_resume.about", "pk": 1, "fields": {"text": "THIS IS THE ABOUT ME SECTION OF MY RESUME PAGE...", "created_on": "2022-02-07T23:10:20.878Z"}}, {"model": "jvc_resume.about", "pk": 2, "fields": {"text": "222222", "created_on": "2022-02-09T17:57:12.618Z"}}, {"model": "jvc_resume.about", "pk": 3, "fields": {"text": "33333", "created_on": "2022-02-09T17:57:33.014Z"}}, {"model": "jvc_resume.about", "pk": 4, "fields": {"text": "33333", "created_on": "2022-02-09T17:59:11.214Z"}}, {"model": "jvc_resume.about", "pk": 5, "fields": {"text": "33333", "created_on": "2022-02-09T18:01:00.187Z"}}, {"model": "jvc_resume.about", "pk": 6, "fields": {"text": "33333", "created_on": "2022-02-09T18:01:18.952Z"}}, {"model": "jvc_resume.about", "pk": 7, "fields": {"text": "33333", "created_on": "2022-02-09T18:01:34.139Z"}}, {"model": "jvc_resume.about", "pk": 8, "fields": {"text": "5555", "created_on": "2022-02-09T18:02:01.295Z"}}, {"model": "jvc_resume.supplimentaleducation", "pk": 1, "fields": {"name": "SUP. ED. 1", "type": "SUP. ED. 1", "created_on": "2022-02-07T23:10:34.349Z"}}, {"model": "jvc_resume.supplimentaleducation", "pk": 2, "fields": {"name": "222", "type": "222", "created_on": "2022-02-09T18:31:26.040Z"}}, {"model": "jvc_resume.supplimentaleducation", "pk": 3, "fields": {"name": "333", "type": "333", "created_on": "2022-02-09T18:31:46.875Z"}}, {"model": "jvc_resume.supplimentaleducation", "pk": 4, "fields": {"name": "4444", "type": "4444", "created_on": "2022-02-09T18:32:32.213Z"}}, {"model": "jvc_resume.technicalskills", "pk": 1, "fields": {"type": "TECH SKILLS 1", "created_on": "2022-02-07T23:10:49.341Z", "programs": [4, 6]}}, {"model": "jvc_resume.technicalskills", "pk": 2, "fields": {"type": "22222", "created_on": "2022-02-09T18:36:06.190Z", "programs": [6]}}, {"model": "jvc_resume.technicalskills", "pk": 3, "fields": {"type": "22222", "created_on": "2022-02-09T18:36:26.431Z", "programs": [6]}}, {"model": "jvc_resume.technicalskills", "pk": 4, "fields": {"type": "33", "created_on": "2022-02-09T18:36:38.172Z", "programs": [4, 5, 6]}}, {"model": "jvc_resume.programmingprojects", "pk": 3, "fields": {"name": "PROG. PROJ. 1", "description": "PROG PROJ 1", "created_on": "2022-02-07T23:11:17.801Z"}}, {"model": "jvc_resume.programmingprojects", "pk": 4, "fields": {"name": "PROJECT 2222", "description": "2222", "created_on": "2022-02-09T18:39:49.872Z"}}, {"model": "jvc_resume.employment", "pk": 3, "fields": {"name": "Job 1", "start_date": "2021-11-02", "end_date": "2022-02-01", "job_title": "Job 1", "created_on": "2022-02-07T23:25:09.435Z"}}, {"model": "jvc_resume.employment", "pk": 4, "fields": {"name": "Job 2", "start_date": "2018-01-09", "end_date": null, "job_title": "Job 2", "created_on": "2022-02-07T23:42:34.184Z"}}, {"model": "jvc_resume.employment", "pk": 5, "fields": {"name": "JOB 3333", "start_date": "2021-11-01", "end_date": "2021-12-01", "job_title": "3333", "created_on": "2022-02-09T18:42:56.809Z"}}]